Nazionale;Ruolo;Giocatore;Squadra;Overall
Algeria;GK;Raïs M'Bolhi;MO Béjaïa;80
Algeria;GK;Alexandre Oukidja;Metz;79
Algeria;GK;Farès Chaïbi;Toulouse;77
Algeria;CB;Djamel Benlamri;Al-Shabab;79
Algeria;CB;Aïssa Mandi;Villarreal;80
Algeria;CB;Ramy Bensebaïni;Borussia Dortmund;82
Algeria;RB;Mehdi Tahrat;Tours FC;75
Algeria;RB;Hossam Abou Ali;Al-Ahly;76
Algeria;LB;Saphir Taïder;CF Montreal;79
Algeria;LB;Ramy Bensebaïni;Borussia Dortmund;82
Algeria;CDM;Adlène Guedioura;Nottingham Forest;78
Algeria;CDM;Ismaël Bennacer;AC Milan;85
Algeria;CM;Sofiane Feghouli;Galatasaray;79
Algeria;CM;Ramiz Zerrouki;FC Twente;79
Algeria;CAM;Riyad Mahrez;Al-Ahli;86
Algeria;CAM;Said Benrahma;West Ham United;82
Algeria;RW;Youcef Atal;OGC Nizza;81
Algeria;LW;Adam Ounas;Napoli;80
Algeria;LW;Amir Sayoud;ES Sétif;75
Algeria;RW;Yacine Brahimi;Al-Rayyan;82
Algeria;ST;Baghdad Bounedjah;Al-Sadd;79
Algeria;ST;Idriss Hamache;ES Sétif;74
Algeria;ST;Islam Slimani;Olympiakos;79
Algeria;CB;Ahmed Touba;KV Mechelen;75
Algeria;CM;Houssem Aouar;Al-Ittihad;80
Algeria;ST;Amine Gouiri;Stade Rennais;81
Arabia Saudita;GK;Mohammed Al-Owais;Al-Hilal;80
Arabia Saudita;GK;Fawaz Al-Qarni;Al-Nassr;75
Arabia Saudita;GK;Yasir Al-Mosailem;Al-Qadsiah;74
Arabia Saudita;CB;Ali Al-Bulayhi;Al-Hilal;79
Arabia Saudita;CB;Hassan Tambakti;Al-Hilal;78
Arabia Saudita;CB;Mohammed Al-Burayk;Al-Hilal;78
Arabia Saudita;RB;Sultan Al-Ghannam;Al-Qadsiah;75
Arabia Saudita;RB;Saud Abdulhamid;AS Roma;78
Arabia Saudita;LB;Yasser Al-Shahrani;Al-Hilal;79
Arabia Saudita;LB;Abdulellah Al-Amri;Al-Shabab;75
Arabia Saudita;CDM;Salman Al-Faraj;Al-Hilal;79
Arabia Saudita;CDM;Mohammed Kanno;Al-Hilal;79
Arabia Saudita;CM;Sami Al-Najei;Al-Ittihad;77
Arabia Saudita;CM;Ali Al-Hassan;Al-Faisaly;75
Arabia Saudita;CAM;Firas Al-Buraikan;Al-Fateh;80
Arabia Saudita;CAM;Abdullah Al-Hamdan;Al-Shabab;78
Arabia Saudita;RW;Riyadh Sharahili;Al-Ahli;76
Arabia Saudita;LW;Ahmed Al-Ghamdi;Al-Qadsiah;75
Arabia Saudita;LW;Marwan Al-Sahafi;Al-Hilal;75
Arabia Saudita;RW;Mohammed Al-Owais;Al-Hilal;76
Arabia Saudita;ST;Saleh Al-Shehri;Al-Hilal;80
Arabia Saudita;ST;Hatan Bahbir;Al-Ahli;77
Arabia Saudita;CM;Nasser Al-Dawsari;Al-Hilal;80
Arabia Saudita;CB;Awn Al-Saluli;Al-Taawoun;73
Arabia Saudita;CM;Mukhtar Ali;Al-Fateh;74
Arabia Saudita;LW;Abdulrahman Ghareeb;Al-Nassr;76
Argentina;GK;Emiliano Martínez;Aston Villa;89
Argentina;GK;Gerónimo Rulli;Ajax;80
Argentina;GK;Franco Armani;River Plate;79
Argentina;CB;Cristian Romero;Tottenham;87
Argentina;CB;Nicolás Otamendi;Benfica;82
Argentina;CB;Lisandro Martínez;Manchester United;85
Argentina;RB;Nahuel Molina;Atlético Madrid;83
Argentina;RB;Gonzalo Montiel;Nottingham Forest;79
Argentina;LB;Nicolás Tagliafico;Lyon;81
Argentina;LB;Marcos Acuña;Sevilla;80
Argentina;CDM;Rodrigo De Paul;Atlético Madrid;85
Argentina;CDM;Leandro Paredes;AS Roma;81
Argentina;CM;Enzo Fernández;Chelsea;86
Argentina;CM;Alexis Mac Allister;Liverpool;86
Argentina;CAM;Paulo Dybala;AS Roma;86
Argentina;CAM;Giovani Lo Celso;Tottenham;81
Argentina;RW;Ángel Di María;Benfica;83
Argentina;LW;Nicolás González;Juventus;82
Argentina;CAM;Lionel Messi;Inter Miami;93
Argentina;LW;Alejandro Garnacho;Manchester United;83
Argentina;ST;Lautaro Martínez;Inter Milano;90
Argentina;ST;Julián Álvarez;Manchester City;87
Argentina;CB;Germán Pezzella;Real Betis;78
Argentina;CB;Marcos Senesi;Bournemouth;80
Argentina;CM;Exequiel Palacios;Bayer Leverkusen;83
Argentina;ST;Matías Soulé;AS Roma;80
Australia;GK;Mat Ryan;Real Sociedad;82
Australia;GK;Danny Vukovic;Central Coast Mariners;77
Australia;GK;Andrew Redmayne;Sydney FC;77
Australia;CB;Harry Souttar;Stoke City;81
Australia;CB;Trent Sainsbury;Kortrijk;77
Australia;CB;Thomas Deng;A-League;75
Australia;RB;Nathaniel Atkinson;Melbourne City;77
Australia;RB;Rhyan Grant;Sydney FC;75
Australia;LB;Aziz Behich;Dundee United;77
Australia;LB;Jason Davidson;Panathinaikos;74
Australia;CDM;Jackson Irvine;St Pauli;80
Australia;CDM;Riley McGree;Middlesbrough;80
Australia;CM;Tom Rogic;West Brom;79
Australia;CM;Aaron Mooy;Celtic;81
Australia;CAM;Ajdin Hrustic;Hellas Verona;80
Australia;CAM;Martin Boyle;Hibernian;78
Australia;RW;Craig Goodwin;Adelaide United;77
Australia;LW;Garang Kuol;Newcastle United;78
Australia;LW;Awer Mabil;Cádiz;79
Australia;RW;Marco Tilio;Melbourne City;77
Australia;ST;Mitchell Duke;Fagiano Okayama;77
Australia;ST;Adam Taggart;Cerezo Osaka;76
Australia;ST;Mathew Leckie;Melbourne City;79
Australia;CB;Cameron Burgess;Ipswich Town;74
Australia;CM;Connor Metcalfe;FC St. Pauli;74
Australia;RW;Kusini Yengi;Portsmouth;73
Austria;GK;Patrick Pentz;Stade Reims;80
Austria;GK;Alexander Schlager;LASK;78
Austria;GK;Heinz Lindner;FC Emmen;76
Austria;CB;David Alaba;Real Madrid;86
Austria;CB;Kevin Danso;RC Lens;83
Austria;CB;Philipp Lienhart;SC Freiburg;80
Austria;RB;Stefan Posch;Bologna;80
Austria;RB;Aleksandar Dragović;LASK;77
Austria;LB;Philipp Mwene;Mainz;78
Austria;LB;Maximilian Wöber;Leeds United;80
Austria;CDM;Nicolas Seiwald;RB Leipzig;82
Austria;CDM;Florian Grillitsch;Ajax;80
Austria;CM;Marcel Sabitzer;Borussia Dortmund;84
Austria;CM;Konrad Laimer;Bayern Monaco;83
Austria;CAM;Florian Kainz;FC Colonia;79
Austria;CAM;Patrick Wimmer;Wolfsburg;79
Austria;RW;Christoph Baumgartner;RB Leipzig;83
Austria;LW;Xaver Schlager;RB Leipzig;82
Austria;LW;Romano Schmid;SV Werder Bremen;79
Austria;RW;Stefan Ilsanker;Red Bull Salisburgo;76
Austria;ST;Marko Arnautović;Inter Milano;82
Austria;ST;Michael Gregoritsch;SC Freiburg;80
Austria;ST;Sasa Kalajdzic;Eintracht Frankfurt;79
Austria;CB;Leopold Querfeld;Union Berlin;76
Austria;CM;Muhammed Cham;Trabzonspor;77
Austria;ST;Junior Adamu;SC Freiburg;76
Belgio;GK;Thibaut Courtois;Real Madrid;90
Belgio;GK;Koen Casteels;Al-Qadsiah;82
Belgio;GK;Thomas Kaminski;Tottenham;79
Belgio;CB;Jan Vertonghen;Anderlecht;80
Belgio;CB;Toby Alderweireld;Beerschot;77
Belgio;CB;Wout Faes;Leicester City;81
Belgio;RB;Timothy Castagne;Fulham;81
Belgio;RB;Thomas Meunier;Trabzonspor;79
Belgio;LB;Yannick Carrasco;Al-Shabab;80
Belgio;LB;Arthur Theate;Stade Rennais;80
Belgio;CDM;Axel Witsel;Atlético Madrid;82
Belgio;CDM;Amadou Onana;Aston Villa;83
Belgio;CM;Kevin De Bruyne;Manchester City;90
Belgio;CM;Youri Tielemans;Aston Villa;82
Belgio;CAM;Charles De Ketelaere;Atalanta;84
Belgio;CAM;Hans Vanaken;Club Brugge;80
Belgio;RW;Jérémy Doku;Manchester City;84
Belgio;LW;Leandro Trossard;Arsenal;83
Belgio;LW;Johan Bakayoko;PSV Eindhoven;81
Belgio;RW;Lois Openda;RB Leipzig;84
Belgio;ST;Romelu Lukaku;Napoli;86
Belgio;ST;Loïs Openda;RB Leipzig;84
Belgio;CM;Alexis Saelemaekers;AC Milan;79
Belgio;CB;Zeno Debast;Sporting CP;79
Belgio;CM;Arthur Vermeeren;RB Leipzig;79
Belgio;RW;Dodi Lukebakio;Sevilla;80
Brasile;GK;Alisson Becker;Liverpool;90
Brasile;GK;Ederson;Manchester City;88
Brasile;GK;Weverton;Palmeiras;80
Brasile;CB;Marquinhos;Paris Saint-Germain;86
Brasile;CB;Gabriel Magalhães;Arsenal;86
Brasile;CB;Éder Militão;Real Madrid;87
Brasile;RB;Danilo;Juventus;83
Brasile;RB;Yan Couto;Borussia Dortmund;80
Brasile;LB;Guilherme Arana;Atlético Mineiro;80
Brasile;LB;Wendell;Porto;78
Brasile;CDM;Casemiro;Manchester United;85
Brasile;CDM;André;Wolverhampton;81
Brasile;CM;Bruno Guimarães;Newcastle United;87
Brasile;CM;Lucas Paquetá;West Ham United;85
Brasile;CAM;Andreas Pereira;Fulham;79
Brasile;CAM;Gerson;Flamengo;80
Brasile;RW;Raphinha;FC Barcelona;87
Brasile;LW;Vinicius Jr;Real Madrid;95
Brasile;RW;Rodrygo;Real Madrid;86
Brasile;LW;Endrick;Real Madrid;82
Brasile;ST;Gabriel Jesus;Arsenal;83
Brasile;ST;Richarlison;Tottenham;83
Brasile;CB;Bremer;Juventus;85
Brasile;CB;Lucas Beraldo;Paris Saint-Germain;81
Brasile;CM;Douglas Luiz;Juventus;84
Brasile;LW;Gabriel Martinelli;Arsenal;85
Camerun;GK;André Onana;Manchester United;84
Camerun;GK;Simon Omossola;Chamois Niortais;73
Camerun;GK;Devis Epassy;Abha Club;75
Camerun;CB;Michael Ngadeu-Ngadjui;Gent;78
Camerun;CB;Nicolas Nkoulou;Werder Brema;78
Camerun;CB;Ambroise Oyongo;Montpellier;76
Camerun;RB;Collins Fai;Al-Tai;77
Camerun;RB;Pierre Kunde Malong;Mainz;76
Camerun;LB;Nouhou Tolo;Seattle Sounders;77
Camerun;LB;Fabrice Ondoa;Già ritirato;75
Camerun;CDM;Georges-Kévin Nkoudou;Beşiktaş;79
Camerun;CDM;André-Frank Zambo Anguissa;Napoli;85
Camerun;CM;Stéphane Bahoken;Angers;76
Camerun;CM;Samuel Oum Gouet;FC Mechelen;77
Camerun;CAM;Jean-Pierre Nsame;Young Boys;79
Camerun;CAM;Martin Hongla;Hellas Verona;78
Camerun;RW;Maxim Choupo-Moting;Bayern Monaco;80
Camerun;LW;Clinton N'Jie;Marseille;77
Camerun;LW;Stéphane Bahoken;Angers;76
Camerun;RW;Ignatius Ganago;FC Nantes;78
Camerun;ST;Karl Toko Ekambi;Lyon;81
Camerun;ST;Vincent Aboubakar;Al-Qadsiah;82
Camerun;CM;Moumi Ngamaleu;Young Boys;77
Camerun;CB;Christopher Wooh;Stade Rennais;76
Camerun;CM;Olivier Ntcham;Samsunspor;76
Camerun;RW;Bryan Mbeumo;Brentford;82
Canada;GK;Maxime Crépeau;Los Angeles FC;79
Canada;GK;Milan Borjan;FK Crvena zvezda;80
Canada;GK;James Pantemis;CF Montréal;76
Canada;CB;Kamal Miller;Portland Timbers;79
Canada;CB;Steven Vitória;Moreirense;76
Canada;CB;Derek Cornelius;Malmö FF;78
Canada;RB;Richie Laryea;Nottingham Forest;79
Canada;RB;Alistair Johnston;Celtic;80
Canada;LB;Sam Adekugbe;Hatayspor;78
Canada;LB;Doneil Henry;Vancouver Whitecaps;76
Canada;CDM;Stephen Eustáquio;FC Porto;82
Canada;CDM;Atiba Hutchinson;Beşiktaş;77
Canada;CM;Jonathan Osorio;Toronto FC;79
Canada;CM;Samuel Piette;CF Montréal;77
Canada;CAM;Jonathan David;Lille;87
Canada;CAM;Tajon Buchanan;Club Brugge;80
Canada;RW;Alphonso Davies;Bayern Monaco;88
Canada;LW;Junior Hoilett;Cardiff City;77
Canada;LW;Liam Fraser;Venezia;76
Canada;RW;Ismael Koné;Watford;79
Canada;ST;Cyle Larin;Valladolid;80
Canada;ST;Lucas Cavallini;Vancouver Whitecaps;77
Canada;CB;Manjrekar James;Vancouver Whitecaps;75
Canada;CB;Joel Waterman;CF Montréal;74
Canada;CM;Mathieu Choinière;Grasshopper;73
Canada;ST;Jacob Shaffelburg;Nashville SC;75
Colombia;GK;Camilo Vargas;Atlas;79
Colombia;GK;David Ospina;Al-Qadsiah;81
Colombia;GK;Álvaro Montero;Millonarios;77
Colombia;CB;Davinson Sánchez;Galatasaray;83
Colombia;CB;Yerry Mina;Everton;80
Colombia;CB;Carlos Cuesta;Genk;79
Colombia;RB;Daniel Muñoz;Crystal Palace;81
Colombia;RB;Santiago Arias;Levante;77
Colombia;LB;Johan Mojica;Rayo Vallecano;79
Colombia;LB;Jhon Lucumí;Bologna;80
Colombia;CDM;Wilmar Barrios;Zenit;80
Colombia;CDM;Lerma Lerma;Crystal Palace;79
Colombia;CM;Mateus Uribe;FC Porto;81
Colombia;CM;Juan Cuadrado;Inter Milano;81
Colombia;CAM;James Rodríguez;Rayo Vallecano;85
Colombia;CAM;Sebastián Gómez;Pachuca;78
Colombia;RW;Luis Díaz;Liverpool;87
Colombia;LW;Rafael Santos Borré;Eintracht Frankfurt;80
Colombia;LW;Jhon Córdoba;Krasnodar;79
Colombia;RW;Cucho Hernández;Columbus Crew;80
Colombia;ST;Radamel Falcao;Rayo Vallecano;80
Colombia;ST;Miguel Ángel Borja;River Plate;79
Colombia;CM;Richard Ríos;Palmeiras;80
Colombia;CB;Yerson Mosquera;Villarreal;77
Colombia;CM;Kevin Castaño;Krasnodar;76
Colombia;LW;Luis Sinisterra;Bournemouth;80
Corea del Sud;GK;Kim Seung-gyu;Vissel Kobe;79
Corea del Sud;GK;Song Bum-keun;Jeonbuk Hyundai Motors;76
Corea del Sud;GK;Jo Hyeon-woo;Ulsan Hyundai;77
Corea del Sud;CB;Kim Min-jae;Bayern Monaco;87
Corea del Sud;CB;Kim Young-gwon;Ulsan Hyundai;79
Corea del Sud;CB;Jung Seung-hyun;Vissel Kobe;77
Corea del Sud;RB;Kim Moon-hwan;Gamba Osaka;76
Corea del Sud;RB;Lee Ki-je;Pohang Steelers;75
Corea del Sud;LB;Kim Jin-su;Jeonbuk Hyundai Motors;77
Corea del Sud;LB;Hong Chul;Suwon Samsung;74
Corea del Sud;CDM;Jung Woo-young;Al-Qadsiah;79
Corea del Sud;CDM;Son Jun-ho;Shandong Taishan;79
Corea del Sud;CM;Hwang In-beom;Feyenoord;82
Corea del Sud;CM;Lee Jae-sung;FSV Mainz;80
Corea del Sud;CAM;Lee Kang-in;Paris Saint-Germain;85
Corea del Sud;CAM;Na Sang-ho;FC Seoul;78
Corea del Sud;RW;Hwang Hee-chan;Wolverhampton;82
Corea del Sud;LW;Son Heung-min;Tottenham;88
Corea del Sud;LW;Bae Jun-ho;Stoke City;78
Corea del Sud;RW;Cho Gue-sung;Jeonbuk Hyundai Motors;79
Corea del Sud;ST;Hwang Ui-jo;Nottingham Forest;81
Corea del Sud;ST;Oh Hyeon-gyu;Celtic;80
Corea del Sud;CM;Paik Seung-ho;Jeonbuk Hyundai;78
Corea del Sud;CB;Cho Yu-min;Sharjah FC;75
Corea del Sud;CM;Hong Hyun-seok;FSV Mainz;77
Corea del Sud;RW;Lee Dong-gyeong;Gimcheon Sangmu;76
Costa d'Avorio;GK;Badra Ali Sangaré;Metz;78
Costa d'Avorio;GK;Sylvain Gbohouo;Wydad;76
Costa d'Avorio;GK;Yahia Fofana;AS Monaco;79
Costa d'Avorio;CB;Eric Bailly;Besiktas;80
Costa d'Avorio;CB;Simon Deli;Club Brugge;78
Costa d'Avorio;CB;Willy Boly;Nottingham Forest;79
Costa d'Avorio;RB;Serge Aurier;Nottingham Forest;80
Costa d'Avorio;RB;Ghislain Konan;Stade Reims;77
Costa d'Avorio;LB;Fofana Wilfried;AS Monaco;80
Costa d'Avorio;LB;Issouf Conombo;Sarpsborg;73
Costa d'Avorio;CDM;Franck Kessié;FC Barcelona;84
Costa d'Avorio;CDM;Ibrahim Sangaré;PSV Eindhoven;82
Costa d'Avorio;CM;Jean Michaël Seri;Girondins Bordeaux;79
Costa d'Avorio;CM;Serey Dié;Sion;76
Costa d'Avorio;CAM;Nicolas Pépé;OGC Nizza;81
Costa d'Avorio;CAM;Zaha Wilfried;Galatasaray;81
Costa d'Avorio;RW;Jonathan Kodjia;Stade Rennais;78
Costa d'Avorio;LW;Jérémy Doku;Manchester City;84
Costa d'Avorio;LW;Christian Kouamé;Fiorentina;79
Costa d'Avorio;RW;Simon Adingra;Brighton;81
Costa d'Avorio;ST;Didier Drogba;Già ritirato;79
Costa d'Avorio;ST;Sébastien Haller;Borussia Dortmund;83
Costa d'Avorio;ST;Kouamé Wilfried;Fiorentina;79
Costa d'Avorio;CB;Ousmane Diomande;Sporting CP;81
Costa d'Avorio;CM;Seko Fofana;Al-Ettifaq;82
Costa d'Avorio;ST;Oumar Diakité;Stade Reims;77
Costa Rica;GK;Keylor Navas;Nottingham Forest;83
Costa Rica;GK;Esteban Alvarado;Deportivo Saprissa;77
Costa Rica;GK;Aaron Cruz;Real Espaëña;73
Costa Rica;CB;Óscar Duarte;Getafe;79
Costa Rica;CB;Kendall Waston;Vancouver Whitecaps;77
Costa Rica;CB;Francisco Calvo;Sporting Kansas City;77
Costa Rica;RB;Cristian Gamboa;Celtic;77
Costa Rica;RB;Johnny Acosta;Deportivo Saprissa;75
Costa Rica;LB;Bryan Ruiz;Deportivo Saprissa;79
Costa Rica;LB;Ronald Matarrita;FC Cincinnati;77
Costa Rica;CDM;Celso Borges;Deportivo Saprissa;79
Costa Rica;CDM;David Guzman;Portland Timbers;77
Costa Rica;CM;Yeltsin Tejeda;Houston Dynamo;77
Costa Rica;CM;Alejandro Bran;Deportivo Saprissa;74
Costa Rica;CAM;Bryan Ruiz;Deportivo Saprissa;79
Costa Rica;CAM;Jewison Bennette;Sunderland;79
Costa Rica;RW;Joel Campbell;Monterrey;80
Costa Rica;LW;Johan Venegas;Deportivo Saprissa;77
Costa Rica;LW;Anthony Contreras;Club Sporting Herediano;75
Costa Rica;RW;Brandon Aguilera;Nottingham Forest;78
Costa Rica;ST;Minor Díaz;Deportivo Saprissa;75
Costa Rica;ST;Jonathan McDonald;LA Galaxy;77
Costa Rica;ST;Manfred Ugalde;Spartak Mosca;80
Costa Rica;CB;Juan Pablo Vargas;Millonarios;76
Costa Rica;CM;Orlando Galo;Riga FC;73
Costa Rica;LW;Ariel Lassiter;Chicago Fire;72
Croazia;GK;Dominik Livaković;Fenerbahçe;83
Croazia;GK;Ivica Ivušić;Hajduk Split;78
Croazia;GK;Nediljko Labrović;Hajduk Split;76
Croazia;CB;Joško Gvardiol;Manchester City;88
Croazia;CB;Duje Ćaleta-Car;Southampton;80
Croazia;CB;Martin Erlić;RB Leipzig;79
Croazia;RB;Josip Juranović;Union Berlin;79
Croazia;RB;Sime Vrsaljko;Atlético Madrid;78
Croazia;LB;Borna Sosa;Ajax;79
Croazia;LB;Borna Barišić;Rangers;78
Croazia;CDM;Luka Modrić;Real Madrid;88
Croazia;CDM;Marcelo Brozović;Al-Nassr;83
Croazia;CM;Mateo Kovačić;Manchester City;84
Croazia;CM;Mario Pašalić;Atalanta;82
Croazia;CAM;Lovro Majer;Real Sociedad;82
Croazia;CAM;Nikola Vlašić;Torino;81
Croazia;RW;Ivan Perišić;Hajduk Split;81
Croazia;LW;Ante Budimir;Osasuna;79
Croazia;LW;Marko Livaja;Hajduk Split;78
Croazia;RW;Luka Ivanušec;Dinamo Zagabria;77
Croazia;ST;Andrej Kramarić;TSG Hoffenheim;83
Croazia;ST;Marko Pjaca;Hajduk Split;77
Croazia;CM;Kristijan Jakić;Eintracht Frankfurt;79
Croazia;CB;Josip Šutalo;Ajax;79
Croazia;CM;Luka Sučić;Real Sociedad;79
Croazia;ST;Roko Šimić;Cardiff City;75
Danimarca;GK;Kasper Schmeichel;Anderlecht;82
Danimarca;GK;Frederik Rønnow;Union Berlin;80
Danimarca;GK;Oliver Christensen;Fiorentina;79
Danimarca;CB;Simon Kjær;AC Milan;81
Danimarca;CB;Joachim Andersen;Crystal Palace;83
Danimarca;CB;Victor Kristiansen;Leicester City;80
Danimarca;RB;Alexander Bah;SL Benfica;80
Danimarca;RB;Rasmus Kristensen;AS Roma;79
Danimarca;LB;Joakim Mæhle;Atalanta;81
Danimarca;LB;Patrick Dorgu;Lecce;79
Danimarca;CDM;Thomas Delaney;Anderlecht;80
Danimarca;CDM;Mathias Jensen;Brentford;79
Danimarca;CM;Christian Eriksen;Manchester United;85
Danimarca;CM;Pierre-Emile Højbjerg;Atlético Madrid;83
Danimarca;CAM;Martin Braithwaite;Espanyol;79
Danimarca;CAM;Mikkel Damsgaard;Brentford;81
Danimarca;RW;Andreas Skov Olsen;Club Brugge;81
Danimarca;LW;Jesper Lindstrøm;Napoli;81
Danimarca;LW;Robert Skov;TSG Hoffenheim;78
Danimarca;RW;Jacob Bruun Larsen;TSG Hoffenheim;77
Danimarca;ST;Rasmus Højlund;Manchester United;85
Danimarca;ST;Jonas Wind;Wolfsburg;81
Danimarca;ST;Kasper Dolberg;Anderlecht;79
Danimarca;CB;Andreas Christensen;FC Barcelona;84
Danimarca;CM;Morten Hjulmand;Sporting CP;81
Danimarca;ST;Yussuf Poulsen;RB Leipzig;78
Ecuador;GK;Hernán Galíndez;Aucas;78
Ecuador;GK;Alexander Domínguez;Liga de Quito;77
Ecuador;GK;Moisés Ramírez;Aucas;74
Ecuador;CB;Piero Hincapié;Bayer Leverkusen;83
Ecuador;CB;Robert Arboleda;São Paulo;79
Ecuador;CB;Xavier Arreaga;Seattle Sounders;78
Ecuador;RB;Angelo Preciado;Genk;78
Ecuador;RB;Byron Castillo;FC Juárez;77
Ecuador;LB;Pervis Estupiñán;Brighton;82
Ecuador;LB;Diego Palacios;LA FC;78
Ecuador;CDM;José Cifuentes;Los Angeles FC;79
Ecuador;CDM;Jhegson Méndez;Los Angeles FC;77
Ecuador;CM;Carlos Gruezo;Augsburg;78
Ecuador;CM;Moisés Caicedo;Chelsea;86
Ecuador;CAM;Gonzalo Plata;Valladolid;79
Ecuador;CAM;Romario Ibarra;Pachuca;78
Ecuador;RW;Ángel Mena;León;78
Ecuador;LW;Jeremy Sarmiento;Brighton;79
Ecuador;LW;Kendry Páez;Chelsea;81
Ecuador;RW;Kevin Rodríguez;Ipswich Town;79
Ecuador;ST;Enner Valencia;Internacional;80
Ecuador;ST;Michael Estrada;Cruz Azul;79
Ecuador;ST;Djorkaeff Reasco;Nottingham Forest;78
Ecuador;CB;William Pacho;Paris Saint-Germain;81
Ecuador;CM;Alan Franco;Atlético Mineiro;76
Ecuador;ST;Leonardo Campana;Inter Miami;75
Egitto;GK;Mohammed El-Shenawy;Al-Ahly;82
Egitto;GK;Gabaski;Al-Ahly;79
Egitto;GK;Mohamed Sobhi;Zamalek;75
Egitto;CB;Ahmed Hegazi;Al-Ittihad;79
Egitto;CB;Omar Gaber;Los Angeles FC;77
Egitto;CB;Ahmed Fatouh;Al-Ahly;77
Egitto;RB;Mohamed Hany;Al-Ahly;78
Egitto;RB;Akram Tawfik;Al-Ahly;76
Egitto;LB;Ahmed Elmohamady;Huddersfield;78
Egitto;LB;Ahmed Hamdi;Al-Ahly;77
Egitto;CDM;Tarek Hamed;Zamalek;77
Egitto;CDM;Amr El Sulaya;Al-Ahly;76
Egitto;CM;Nasser Maher;Al-Ahly;77
Egitto;CM;Ahmed Sayed Zizo;Al-Ahly;78
Egitto;CAM;Mostafa Mohamed;Galatasaray;81
Egitto;CAM;Ahmed Hassan Kouka;Kasımpaşa;78
Egitto;RW;Ramadan Sobhi;Al-Ahly;79
Egitto;LW;Trezeguet;Trabzonspor;79
Egitto;LW;Marwan Attia;Zamalek;75
Egitto;RW;Ahmed Fatoh;Al-Ahly;76
Egitto;ST;Mohamed Salah;Liverpool;91
Egitto;ST;Omar Marmoush;Manchester City;85
Egitto;CM;Emam Ashour;Al-Ahly;78
Egitto;CB;Yasser Ibrahim;Al-Ahly;76
Egitto;CM;Mohanad Lasheen;Pyramids FC;74
Egitto;ST;Mahmoud Kahraba;Al-Ahly;75
Francia;GK;Mike Maignan;AC Milan;88
Francia;GK;Alphonse Areola;West Ham United;81
Francia;GK;Brice Samba;RC Lens;79
Francia;CB;William Saliba;Arsenal;88
Francia;CB;Dayot Upamecano;Bayern Monaco;86
Francia;CB;Ibrahima Konaté;Liverpool;85
Francia;RB;Jules Koundé;FC Barcelona;87
Francia;RB;Benjamin Pavard;Inter Milano;83
Francia;LB;Théo Hernández;AC Milan;87
Francia;LB;Lucas Hernández;Paris Saint-Germain;83
Francia;CDM;Aurélien Tchouaméni;Real Madrid;86
Francia;CDM;Eduardo Camavinga;Real Madrid;84
Francia;CM;Adrien Rabiot;Juventus;82
Francia;CM;Warren Zaïre-Emery;Paris Saint-Germain;82
Francia;CAM;Antoine Griezmann;Atlético Madrid;87
Francia;CAM;Youssouf Fofana;AC Milan;80
Francia;LW;Kylian Mbappé;Real Madrid;96
Francia;RW;Ousmane Dembélé;Paris Saint-Germain;87
Francia;RW;Kingsley Coman;Bayern Monaco;83
Francia;LW;Bradley Barcola;Paris Saint-Germain;81
Francia;ST;Marcus Thuram;Inter Milano;84
Francia;ST;Olivier Giroud;Los Angeles FC;82
Francia;CM;Mattéo Guendouzi;Lazio;80
Francia;CB;Castello Lukeba;RB Leipzig;83
Francia;CM;Khéphren Thuram;Juventus;83
Francia;RW;Michael Olise;Bayern Monaco;84
Germania;GK;Manuel Neuer;Bayern Monaco;85
Germania;GK;Marc-André ter Stegen;FC Barcelona;87
Germania;GK;Oliver Baumann;TSG Hoffenheim;79
Germania;CB;Antonio Rüdiger;Real Madrid;87
Germania;CB;Nico Schlotterbeck;Borussia Dortmund;84
Germania;CB;Jonathan Tah;Bayer Leverkusen;83
Germania;RB;Joshua Kimmich;Bayern Monaco;89
Germania;RB;Benjamin Henrichs;RB Leipzig;80
Germania;LB;David Raum;RB Leipzig;82
Germania;LB;Maximilian Mittelstädt;VfB Stuttgart;79
Germania;CDM;Robert Andrich;Bayer Leverkusen;83
Germania;CDM;Granit Xhaka;Bayer Leverkusen;84
Germania;CM;Ilkay Gündogan;FC Barcelona;85
Germania;CM;Leroy Sané;Bayern Monaco;84
Germania;CAM;Jamal Musiala;Bayern Monaco;90
Germania;CAM;Florian Wirtz;Bayer Leverkusen;89
Germania;RW;Serge Gnabry;Bayern Monaco;82
Germania;LW;Chris Führich;VfB Stuttgart;79
Germania;ST;Kai Havertz;Arsenal;85
Germania;ST;Niclas Füllkrug;West Ham United;83
Germania;ST;Thomas Müller;Bayern Monaco;83
Germania;CM;Pascal Groß;Brighton;79
Germania;CB;Waldemar Anton;VfB Stuttgart;80
Germania;CB;Malick Thiaw;AC Milan;82
Germania;CM;Aleksandar Pavlović;Bayern Monaco;81
Germania;LW;Karim Adeyemi;Borussia Dortmund;82
Ghana;GK;Lawrence Ati-Zigi;St. Gallen;79
Ghana;GK;Jojo Wollacott;Charlton Athletic;76
Ghana;GK;Ibrahim Danlad;Asante Kotoko;73
Ghana;CB;Alexander Djiku;Fenerbahçe;80
Ghana;CB;Jonathan Mensah;Columbus Crew;78
Ghana;CB;Daniel Amartey;Leicester City;79
Ghana;RB;Tariq Lamptey;Brighton;80
Ghana;RB;Andrew Yiadom;Reading;76
Ghana;LB;Gideon Mensah;Girondins Bordeaux;77
Ghana;LB;Baba Rahman;Chelsea;76
Ghana;CDM;Thomas Partey;Arsenal;85
Ghana;CDM;Mubarak Wakaso;Jiangsu Suning;77
Ghana;CM;Mohammed Kudus;West Ham United;84
Ghana;CM;Daniel-Kofi Kyereh;SC Freiburg;79
Ghana;CAM;André Ayew;Le Havre;79
Ghana;CAM;Jordan Ayew;Crystal Palace;79
Ghana;RW;Kamal Sowah;Club Brugge;79
Ghana;LW;Osman Bukari;FC Crvena zvezda;79
Ghana;LW;Antoine Semenyo;AFC Bournemouth;80
Ghana;RW;Kamaldeen Sulemana;Southampton;81
Ghana;ST;Inaki Williams;Athletic Club;82
Ghana;ST;Abdul Fatawu Issahaku;Leicester City;80
Ghana;ST;Richmond Boakye;FK Crvena zvezda;77
Ghana;CB;Mohammed Salisu;AS Monaco;79
Ghana;CM;Salis Abdul Samed;Sunderland;77
Ghana;LW;Joseph Paintsil;LA Galaxy;78
Giappone;GK;Shuichi Gonda;Shimizu S-Pulse;79
Giappone;GK;Zion Suzuki;Sint-Truiden;78
Giappone;GK;Kosuke Nakamura;Kashiwa Reysol;76
Giappone;CB;Takehiro Tomiyasu;Arsenal;83
Giappone;CB;Ko Itakura;Borussia M'gladbach;82
Giappone;CB;Maya Yoshida;Vissel Kobe;79
Giappone;RB;Hiroki Sakai;Urawa Reds;78
Giappone;RB;Wataru Endo;Liverpool;81
Giappone;LB;Yuto Nagatomo;Tokyo FC;77
Giappone;LB;Miki Yamane;Kawasaki Frontale;77
Giappone;CDM;Hidemasa Morita;Sporting CP;81
Giappone;CDM;Gaku Shibasaki;Leganes;78
Giappone;CM;Junya Ito;Stade Reims;82
Giappone;CM;Kaoru Mitoma;Brighton;86
Giappone;CAM;Daichi Kamada;Lazio;83
Giappone;CAM;Yuki Soma;Nagoya Grampus;79
Giappone;RW;Takefusa Kubo;Real Sociedad;85
Giappone;LW;Ritsu Doan;SC Freiburg;82
Giappone;LW;Kou Itakura;Borussia M'gladbach;81
Giappone;RW;Kyogo Furuhashi;Celtic;82
Giappone;ST;Ayase Ueda;Feyenoord;81
Giappone;ST;Koki Ogawa;Wolfsburg;80
Giappone;CM;Yuya Osako;Vissel Kobe;79
Giappone;CB;Hiroki Ito;Bayern Monaco;81
Giappone;CM;Reo Hatate;Celtic;79
Giappone;LW;Daizen Maeda;Celtic;78
Giordania;GK;Amer Shafi;Al-Wehdat;77
Giordania;GK;Yazeed Abo Laila;Al-Faisaly;73
Giordania;GK;Ibrahim Rusan;Al-Jazeera;72
Giordania;CB;Yazan Al-Naimat;Al-Wehdat;75
Giordania;CB;Abdallah Nasib;Al-Ramtha;74
Giordania;CB;Ehsan Haddad;Al-Faisaly;73
Giordania;RB;Baha' Faisal;Al-Wehdat;73
Giordania;RB;Anas Bani Yaseen;Al-Faisaly;72
Giordania;LB;Ahmad Saleh;Al-Jazira;73
Giordania;LB;Hamza Al-Dardour;Al-Sareeh;72
Giordania;CDM;Raed Saleh;Al-Wehdat;75
Giordania;CDM;Samer Saeed;Al-Wehdat;74
Giordania;CM;Nour Al-Rawabdeh;Al-Wehdat;76
Giordania;CM;Mahmoud Shelbaieh;Vitesse;75
Giordania;CAM;Ahmad Hayel;Al-Wehdat;75
Giordania;CAM;Ali Olwan;Al-Ramtha;74
Giordania;RW;Baha' Faisal;Al-Wehdat;73
Giordania;LW;Mothanna Abu Hashish;Al-Wehdat;74
Giordania;LW;Hamzah Awad;ASKUL Interclube;74
Giordania;RW;Abdullah Nasib;Al-Wehdat;73
Giordania;ST;Moussa Al-Taamari;Montpellier;81
Giordania;ST;Ahmad Al Haj Ali;Hapoel Be'er Sheva;77
Giordania;ST;Yazan Al-Arabiat;Aris Limassol;75
Giordania;CB;Salem Al-Ajalin;Al-Faisaly;71
Giordania;CM;Rajaei Ayed;Al-Hussein;72
Giordania;RW;Mahmoud Al-Mardi;Al-Hussein;74
Guinea;GK;Ibrahima Koné;Djoliba AC;75
Guinea;GK;Moussa Camara;Hafia FC;73
Guinea;GK;Mady Camara;AS Kaloum Star;71
Guinea;CB;Issiaga Sylla;Toulouse;77
Guinea;CB;Fode Koita;AS Metz;75
Guinea;CB;Ibrahima Conté;AS Kaloum Star;72
Guinea;RB;Antoine Conte;Espérance Tunis;73
Guinea;RB;Ibrahima Conté;Hafia FC;72
Guinea;LB;Florentin Pogba;Sochaux;75
Guinea;LB;Amadou Diallo;AS Kaloum Star;71
Guinea;CDM;Aguibou Camara;Borussia M'gladbach;78
Guinea;CDM;Naby Keïta;Werder Brema;83
Guinea;CM;Ibrahima Conté;Lens;73
Guinea;CM;Mohamed Bayo;Clermont Foot;79
Guinea;CAM;Seydouba Soumah;Sivasspor;77
Guinea;CAM;Mouctar Diakhaby;Valencia;80
Guinea;RW;Almamy Touré;Eintracht Frankfurt;78
Guinea;LW;José Camara;Hafia FC;71
Guinea;LW;Ilaix Moriba;Genk;79
Guinea;RW;Saïdou Keita;Hafia FC;71
Guinea;ST;Serhou Guirassy;Borussia Dortmund;86
Guinea;ST;Mohamed Bayo;Clermont Foot;78
Guinea;CM;Naby Keïta;Werder Brema;83
Guinea;CB;Julian Jeanvier;Kayserispor;74
Guinea;CM;Amadou Diawara;Anderlecht;76
Guinea;LW;François Kamano;Abha Club;76
Inghilterra;GK;Jordan Pickford;Everton;84
Inghilterra;GK;Aaron Ramsdale;Arsenal;82
Inghilterra;GK;Nick Pope;Newcastle United;83
Inghilterra;CB;John Stones;Manchester City;86
Inghilterra;CB;Harry Maguire;Manchester United;82
Inghilterra;CB;Marc Guehi;Crystal Palace;83
Inghilterra;RB;Trent Alexander-Arnold;Real Madrid;88
Inghilterra;RB;Reece James;Chelsea;85
Inghilterra;LB;Luke Shaw;Manchester United;82
Inghilterra;LB;Kieran Trippier;Newcastle United;83
Inghilterra;CDM;Declan Rice;Arsenal;88
Inghilterra;CDM;Kobbie Mainoo;Manchester United;83
Inghilterra;CM;Jude Bellingham;Real Madrid;92
Inghilterra;CM;Conor Gallagher;Atlético Madrid;80
Inghilterra;CAM;Phil Foden;Manchester City;88
Inghilterra;CAM;James Maddison;Tottenham;83
Inghilterra;RW;Bukayo Saka;Arsenal;88
Inghilterra;LW;Marcus Rashford;Manchester United;84
Inghilterra;LW;Jack Grealish;Manchester City;83
Inghilterra;RW;Anthony Gordon;Newcastle United;81
Inghilterra;ST;Harry Kane;Bayern Monaco;90
Inghilterra;ST;Ollie Watkins;Aston Villa;84
Inghilterra;CB;Ben White;Arsenal;84
Inghilterra;CB;Levi Colwill;Chelsea;81
Inghilterra;CM;Harvey Elliott;Liverpool;80
Inghilterra;LW;Cole Palmer;Chelsea;86
Iran;GK;Alireza Beiranvand;Antwerp;81
Iran;GK;Payam Niazmand;Nassaji Mazandaran;74
Iran;GK;Hossein Hosseini;FC Istiklol;73
Iran;CB;Majid Hosseini;Kayserispor;78
Iran;CB;Morteza Pouraliganji;Al-Arabi;77
Iran;CB;Milad Mohammadi;Akhmat Grozny;76
Iran;RB;Sadegh Moharrami;Dinamo Zagabria;78
Iran;RB;Ramin Rezaeian;Kortrijk;75
Iran;LB;Ehsan Hajsafi;Panathinaikos;78
Iran;LB;Ahmad Nourollahi;Al-Qadsiah;76
Iran;CDM;Saeid Ezatolahi;Rubin Kazan;79
Iran;CDM;Ali Karimi;Ferencváros;77
Iran;CM;Alireza Jahanbakhsh;Feyenoord;82
Iran;CM;Ahmad Nourollahi;Al-Qadsiah;77
Iran;CAM;Sardar Azmoun;AS Roma;83
Iran;CAM;Vahid Amiri;Persepolis;78
Iran;RW;Mehdi Taremi;Inter Milano;85
Iran;LW;Allahyar Sayyadmanesh;Yeni Malatyaspor;79
Iran;LW;Karim Ansarifard;Omonia Nicosia;77
Iran;RW;Saman Ghoddos;Brentford;79
Iran;ST;Medhi Taremi;Inter Milano;85
Iran;ST;Ali Gholizadeh;Charleroi;79
Iran;CM;Omid Ebrahimi;UAE Al Wahda;76
Iran;CB;Hossein Kanaani;Persepolis;76
Iran;CM;Mohammad Mohebi;Rostov;76
Iran;ST;Mehdi Ghayedi;Ittihad Kalba;77
Iraq;GK;Jalal Hassan;Al-Zawraa;77
Iraq;GK;Mohammed Hameed;Al-Quwa Al-Jawiya;74
Iraq;GK;Ahmed Basil;Duhok SC;72
Iraq;CB;Safa Haji;Al-Zawraa;76
Iraq;CB;Aymen Hussein;Al-Quwa Al-Jawiya;77
Iraq;CB;Mohammed Qassim;Al-Naft;74
Iraq;RB;Ali Faez;Erbil SC;74
Iraq;RB;Zaid Tahseen;Al-Naft;73
Iraq;LB;Ahmad Ibrahim;Karbala FC;72
Iraq;LB;Mustafa Nadhim;Al-Zawraa;73
Iraq;CDM;Amjed Attwan;Al-Shorta;75
Iraq;CDM;Ali Adnan;Deportivo La Coruña;78
Iraq;CM;Safaa Hadi;Al-Zawraa;74
Iraq;CM;Bashar Resan;Al-Quwa Al-Jawiya;75
Iraq;CAM;Mehdi Kamil;Al-Zawraa;75
Iraq;CAM;Mohanad Ali;Al-Shorta;76
Iraq;RW;Aymen Hussein;Al-Quwa Al-Jawiya;77
Iraq;LW;Ibrahim Bayesh;Al-Zawraa;75
Iraq;LW;Hassan Abdul-Kareem;Al-Zawraa;73
Iraq;RW;Mohammed Dawood;Al-Naft;74
Iraq;ST;Humam Tariq;Al-Quwa Al-Jawiya;77
Iraq;ST;Alawy Salam;Al-Zawraa;74
Iraq;ST;Ahmed Yasin;Gent;78
Iraq;CB;Rebin Sulaka;FC Seoul;72
Iraq;CM;Zidane Iqbal;FC Utrecht;73
Iraq;ST;Ali Al-Hamadi;Ipswich Town;74
Jamaica;GK;Andre Blake;Philadelphia Union;81
Jamaica;GK;Daniel Intelligence;Harbour View FC;72
Jamaica;GK;Dwayne Miller;Portmore United;71
Jamaica;CB;Damion Lowe;Inter Miami;77
Jamaica;CB;Adrian Mariappa;Watford;75
Jamaica;CB;Oniel Fisher;DC United;75
Jamaica;RB;Kemar Lawrence;New York Red Bulls;78
Jamaica;RB;Michael Hector;Reading;76
Jamaica;LB;Tyrick Mitchell;Crystal Palace;80
Jamaica;LB;Jordan Johnson;Guingamp;74
Jamaica;CDM;Andre Green;Stoke City;75
Jamaica;CDM;Ravel Morrison;Lazio;76
Jamaica;CM;Demarai Gray;Al-Ettifaq;79
Jamaica;CM;Daniel Johnson;Preston North End;77
Jamaica;CAM;Leon Bailey;Aston Villa;84
Jamaica;CAM;Raheem Sterling;Chelsea;84
Jamaica;RW;Bobby Decordova-Reid;Fulham;79
Jamaica;LW;Shamar Nicholson;Charleroi;78
Jamaica;LW;Michail Antonio;West Ham United;78
Jamaica;RW;Je-Vaughn Watson;Waasland-Beveren;74
Jamaica;ST;Chuks Aneke;Burton Albion;73
Jamaica;ST;Chevaughn Walsh;Harbour View;72
Jamaica;ST;Kasey Palmer;Coventry City;78
Jamaica;CB;Ethan Pinnock;Brentford;79
Jamaica;CM;Joel Latibeaudiere;Coventry City;74
Jamaica;LW;Kaheim Dixon;Charlton Athletic;70
Marocco;GK;Yassine Bounou;Al-Hilal;85
Marocco;GK;Munir Mohamedi;Al-Wahda;79
Marocco;GK;Anas Zniti;FAR Rabat;76
Marocco;CB;Romain Saiss;Beşiktaş;81
Marocco;CB;Nayef Aguerd;West Ham United;82
Marocco;CB;Achraf Dari;Stade Brestois;80
Marocco;RB;Achraf Hakimi;Paris Saint-Germain;88
Marocco;RB;Noussair Mazraoui;Bayern Monaco;83
Marocco;LB;Yahia Attiyat-Allah;Wydad AC;77
Marocco;LB;Adam Masina;Watford;78
Marocco;CDM;Sofyan Amrabat;Fiorentina;83
Marocco;CDM;Selim Amallah;Standard Liegi;79
Marocco;CM;Azzedine Ounahi;Marseille;82
Marocco;CM;Bilal El Khannouss;Genk;81
Marocco;CAM;Hakim Ziyech;Galatasaray;83
Marocco;CAM;Abde Ezzalzouli;Osasuna;81
Marocco;RW;Soufiane Rahimi;Al-Ain;80
Marocco;LW;Yahya Jabrane;Wydad AC;76
Marocco;LW;Ilias Chair;Queens Park Rangers;79
Marocco;RW;Ayoub El Kaabi;Olympiakos;80
Marocco;ST;Youssef En-Nesyri;Fenerbahçe;85
Marocco;ST;Walid Cheddira;Parma;80
Marocco;CB;Jawad El Yamiq;Real Valladolid;79
Marocco;CB;Chadi Riad;Crystal Palace;78
Marocco;CM;Ismael Saibari;PSV Eindhoven;79
Marocco;RW;Brahim Díaz;Real Madrid;83
Messico;GK;Guillermo Ochoa;Salernitana;82
Messico;GK;Rodolfo Cota;León;79
Messico;GK;Carlos Acevedo;Santos Laguna;77
Messico;CB;Héctor Moreno;LA Galaxy;79
Messico;CB;Johan Vásquez;Genoa;80
Messico;CB;César Montes;Espanyol;80
Messico;RB;Jorge Sánchez;Ajax;79
Messico;RB;Luis Rodríguez;Tigres UANL;78
Messico;LB;Jesús Gallardo;Monterrey;79
Messico;LB;Miguel Layún;Già ritirato;76
Messico;CDM;Edson Álvarez;West Ham United;83
Messico;CDM;Luis Romo;Cruz Azul;79
Messico;CM;Marcelo Flores;Arsenal;79
Messico;CM;Charly Rodríguez;Cruz Azul;78
Messico;CAM;Hirving Lozano;PSV Eindhoven;83
Messico;CAM;Orbelin Pineda;AEK Atene;79
Messico;RW;Roberto Alvarado;Chivas;79
Messico;LW;Alexis Vega;Chivas;79
Messico;LW;Uriel Antuna;Cruz Azul;78
Messico;RW;Santiago Giménez;Feyenoord;84
Messico;ST;Raúl Jiménez;Fulham;82
Messico;ST;Henry Martín;América;80
Messico;CB;Gilberto Sepúlveda;Chivas;77
Messico;CB;Víctor Guzmán;Monterrey;78
Messico;CM;Érick Sánchez;América;79
Messico;RW;Julián Quiñones;Al-Qadsiah;80
Nigeria;GK;Francis Uzoho;Omonia Nicosia;79
Nigeria;GK;Maduka Okoye;Udinese;79
Nigeria;GK;Stanley Nwabili;Stade Brestois;77
Nigeria;CB;William Troost-Ekong;Watford;80
Nigeria;CB;Ola Aina;Nottingham Forest;80
Nigeria;CB;Semi Ajayi;West Brom;79
Nigeria;RB;Zaidu Sanusi;FC Porto;79
Nigeria;RB;Emmanuel Emenike;İstanbul Başakşehir;76
Nigeria;LB;Calvin Bassey;Fulham;80
Nigeria;LB;Bright Osayi-Samuel;Fenerbahçe;80
Nigeria;CDM;Alex Iwobi;Fulham;82
Nigeria;CDM;Wilfred Ndidi;Leicester City;83
Nigeria;CM;Oghenekaro Etebo;Stoke City;79
Nigeria;CM;Joe Aribo;Southampton;79
Nigeria;CAM;Kelechi Iheanacho;Leicester City;80
Nigeria;CAM;Samuel Chukwueze;AC Milan;82
Nigeria;RW;Moses Simon;FC Nantes;80
Nigeria;LW;Taiwo Awoniyi;Nottingham Forest;81
Nigeria;LW;Fisayo Dele-Bashiru;Lazio;80
Nigeria;RW;Ademola Lookman;Atalanta;85
Nigeria;ST;Victor Osimhen;Napoli;89
Nigeria;ST;Terem Moffi;OGC Nizza;81
Nigeria;CB;Chidozie Awaziem;Boavista;77
Nigeria;CB;Kenneth Omeruo;Kasımpaşa;75
Nigeria;CM;Raphael Onyedika;Club Brugge;78
Nigeria;LW;Chidera Ejuke;Sevilla;78
Nuova Zelanda;GK;Stefan Marinovic;Vancouver Whitecaps;76
Nuova Zelanda;GK;Michael Woud;NEC Nijmegen;74
Nuova Zelanda;GK;Max Crocombe;Hibernian;73
Nuova Zelanda;CB;Tommy Smith;Stoke City;76
Nuova Zelanda;CB;Winston Reid;Sporting KC;75
Nuova Zelanda;CB;Tim Payne;New Zealand;73
Nuova Zelanda;RB;Liberato Cacace;Empoli;78
Nuova Zelanda;RB;Dane Ingham;Wellington Phoenix;73
Nuova Zelanda;LB;Michael Boxall;Minnesota United;75
Nuova Zelanda;LB;Nando Pijnaker;Dundee United;74
Nuova Zelanda;CDM;Clayton Lewis;Club Brugge;78
Nuova Zelanda;CDM;Callum McCowatt;Go Ahead Eagles;76
Nuova Zelanda;CM;Ryan Thomas;Stoke City;76
Nuova Zelanda;CM;Cameron Howieson;Fortuna Sittard;73
Nuova Zelanda;CAM;Alex Greive;Wellington Phoenix;75
Nuova Zelanda;CAM;Matthew Garbett;Wycombe Wanderers;73
Nuova Zelanda;RW;Elijah Just;Vancouver Whitecaps;74
Nuova Zelanda;LW;Micah Lea'alafa;Wellington Phoenix;74
Nuova Zelanda;LW;Ben Waine;Vejle BK;75
Nuova Zelanda;RW;Marco Rojas;FC Zürich;77
Nuova Zelanda;ST;Chris Wood;Nottingham Forest;81
Nuova Zelanda;ST;Shane Smeltz;Già ritirato;72
Nuova Zelanda;ST;Ollie Sail;Wellington Phoenix;73
Nuova Zelanda;CB;Tyler Bindon;Reading;71
Nuova Zelanda;CM;Marko Stamenić;Olympiakos;74
Nuova Zelanda;ST;Kosta Barbarouses;Wellington Phoenix;71
Olanda;GK;Bart Verbruggen;Brighton;82
Olanda;GK;Justin Bijlow;Feyenoord;81
Olanda;GK;Mark Flekken;Brentford;80
Olanda;CB;Virgil van Dijk;Liverpool;88
Olanda;CB;Stefan de Vrij;Inter Milano;84
Olanda;CB;Matthijs de Ligt;Manchester United;84
Olanda;RB;Denzel Dumfries;Inter Milano;84
Olanda;RB;Devyne Rensch;Ajax;78
Olanda;LB;Daley Blind;Girona;78
Olanda;LB;Nathan Aké;Manchester City;83
Olanda;CDM;Frenkie de Jong;FC Barcelona;87
Olanda;CDM;Jerdy Schouten;PSV Eindhoven;81
Olanda;CM;Tijjani Reijnders;AC Milan;84
Olanda;CM;Teun Koopmeiners;Juventus;85
Olanda;CAM;Xavi Simons;RB Leipzig;86
Olanda;CAM;Steven Berghuis;Ajax;79
Olanda;RW;Cody Gakpo;Liverpool;86
Olanda;LW;Memphis Depay;Atlético Madrid;83
Olanda;LW;Noa Lang;PSV Eindhoven;81
Olanda;RW;Donyell Malen;Borussia Dortmund;82
Olanda;ST;Wout Weghorst;Burnley;80
Olanda;ST;Brian Brobbey;Ajax;82
Olanda;CM;Ryan Gravenberch;Liverpool;83
Olanda;CB;Micky van de Ven;Tottenham;83
Olanda;CM;Mats Wieffer;Brighton;80
Olanda;ST;Joshua Zirkzee;Manchester United;82
Panama;GK;Luis Mejía;Cagliari;78
Panama;GK;Orlando Mosquera;Atletico Tucuman;74
Panama;GK;Dayne St. Louis;New York Red Bulls;73
Panama;CB;Fidel Escobar;New York Red Bulls;77
Panama;CB;Roderick Miller;Club Tijuana;76
Panama;CB;Harold Cummings;Columbus Crew;77
Panama;RB;Michael Murillo;Anderlecht;78
Panama;RB;José Luis Rodríguez;Arabe Unido;73
Panama;LB;Eric Davis;Nashville SC;76
Panama;LB;Édgar Yoel Bárcenas;Nottingham Forest;75
Panama;CDM;Anibal Godoy;Nashville SC;78
Panama;CDM;Adalberto Carrasquilla;Houston Dynamo;77
Panama;CM;Rolando Blackburn;Panamá;73
Panama;CM;Abdiel Ayarza;Panamá;74
Panama;CAM;Aníbal Godoy;Nashville SC;77
Panama;CAM;Cecilio Waterman;Club Tijuana;75
Panama;RW;Ismael Díaz;FC Cincinnati;77
Panama;LW;Alberto Quintero;Sporting Cristal;75
Panama;LW;Michael Amir Murillo;Anderlecht;77
Panama;RW;Édgar Barcenas;Nottingham Forest;75
Panama;ST;Blas Pérez;Già ritirato;74
Panama;ST;Gabriel Torres;Morelia;76
Panama;CM;Armando Cooper;Já ritirato;73
Panama;CB;Andrés Andrade;LASK;75
Panama;CM;Cristian Martínez;Al-Jandal;72
Panama;ST;José Fajardo;Universidad Católica;74
Perù;GK;Pedro Gallese;Orlando City;80
Perù;GK;Carlos Cáceda;FBC Melgar;75
Perù;GK;Renato Solís;Cienciano;73
Perù;CB;Luis Abram;Atlanta United;78
Perù;CB;Alexander Callens;New York City FC;77
Perù;CB;Aldo Corzo;Universitario;77
Perù;RB;Luis Advíncula;Boca Juniors;79
Perù;RB;Oslimg Mora;Universitario;74
Perù;LB;Miguel Trauco;FC Saint-Étienne;77
Perù;LB;Marcos López;San José Earthquakes;78
Perù;CDM;Renato Tapia;Celta Vigo;80
Perù;CDM;Wilder Cartagena;Orlando City;77
Perù;CM;Yoshimar Yotún;Sporting Cristal;79
Perù;CM;Sergio Peña;Malmö FF;78
Perù;CAM;Christofer Gonzales;Sporting Cristal;77
Perù;CAM;André Carrillo;Al-Qadsiah;80
Perù;RW;Andy Polo;Orlando City;77
Perù;LW;Christian Cueva;Ittihad Kalba;79
Perù;LW;Raziel García;Tigres UANL;76
Perù;RW;Bryan Reyna;Alianza Lima;76
Perù;ST;Gianluca Lapadula;Cagliari;79
Perù;ST;Alex Valera;Universitario;76
Perù;ST;Paolo Guerrero;Già ritirato;78
Perù;CB;Carlos Zambrano;Alianza Lima;76
Perù;CM;Piero Quispe;Pumas UNAM;75
Perù;RW;Joao Grimaldo;FK Partizan;75
Polonia;GK;Wojciech Szczęsny;FC Barcelona;84
Polonia;GK;Łukasz Skorupski;Bologna;81
Polonia;GK;Bartłomiej Drągowski;Spezia;79
Polonia;CB;Jan Bednarek;Southampton;81
Polonia;CB;Jakub Kiwior;Arsenal;82
Polonia;CB;Paweł Dawidowicz;Hellas Verona;78
Polonia;RB;Matty Cash;Aston Villa;82
Polonia;RB;Bartosz Bereszyński;Napoli;78
Polonia;LB;Tymoteusz Puchacz;FC Twente;77
Polonia;LB;Przemysław Frankowski;RC Lens;78
Polonia;CDM;Grzegorz Krychowiak;Al-Shabab;79
Polonia;CDM;Piotr Zieliński;Inter Milano;85
Polonia;CM;Kacper Urbański;Bologna;81
Polonia;CM;Jakub Moder;Brighton;79
Polonia;CAM;Nicola Zalewski;AS Roma;80
Polonia;CAM;Michał Skóraś;Club Brugge;78
Polonia;RW;Kamil Grosicki;Pogoń Szczecin;78
Polonia;LW;Karol Świderski;Charlotte FC;79
Polonia;LW;Jakub Kamiński;VfL Wolfsburg;79
Polonia;RW;Damian Szymański;AEK Atene;77
Polonia;ST;Robert Lewandowski;FC Barcelona;89
Polonia;ST;Arkadiusz Milik;Juventus;82
Polonia;ST;Krzysztof Piątek;Istanbul Basaksehir;79
Polonia;CB;Kamil Piątkowski;RB Salzburg;76
Polonia;CM;Sebastian Szymański;Fenerbahçe;81
Polonia;RW;Mateusz Bogusz;Los Angeles FC;77
Portogallo;GK;Diogo Costa;FC Porto;85
Portogallo;GK;Rui Patrício;AS Roma;81
Portogallo;GK;José Sá;Wolverhampton;80
Portogallo;CB;Rúben Dias;Manchester City;89
Portogallo;CB;Gonçalo Inácio;Sporting CP;85
Portogallo;CB;Pepe;FC Porto;80
Portogallo;RB;João Cancelo;FC Barcelona;85
Portogallo;RB;Diogo Dalot;Manchester United;83
Portogallo;LB;Nuno Mendes;Paris Saint-Germain;86
Portogallo;LB;Raphaël Guerreiro;Bayern Monaco;83
Portogallo;CDM;João Palhinha;Bayern Monaco;85
Portogallo;CDM;Vitinha;Paris Saint-Germain;85
Portogallo;CM;Bernardo Silva;Manchester City;90
Portogallo;CM;Bruno Fernandes;Manchester United;88
Portogallo;CAM;João Félix;FC Barcelona;85
Portogallo;CAM;Rúben Neves;Al-Hilal;83
Portogallo;RW;Rafael Leão;AC Milan;88
Portogallo;LW;Pedro Neto;Chelsea;83
Portogallo;LW;Jota;Celta Vigo;79
Portogallo;RW;Francisco Conceição;FC Porto;81
Portogallo;ST;Cristiano Ronaldo;Al-Nassr;88
Portogallo;ST;Gonçalo Ramos;Paris Saint-Germain;85
Portogallo;ST;André Silva;RB Leipzig;80
Portogallo;CB;António Silva;SL Benfica;82
Portogallo;CM;João Neves;Paris Saint-Germain;83
Portogallo;LW;Francisco Trincão;Sporting CP;81
Qatar;GK;Saad Al Sheeb;Al-Sadd;78
Qatar;GK;Meshaal Barsham;Al-Sadd;75
Qatar;GK;Yousef Hassan;Al-Gharafa;72
Qatar;CB;Boualem Khoukhi;Al-Sadd;77
Qatar;CB;Bassam Al-Rawi;Al-Duhail;75
Qatar;CB;Tarek Salman;Al-Wakrah;73
Qatar;RB;Pedro Miguel;Al-Sadd;77
Qatar;RB;Abdelkarim Hassan;Al-Sadd;79
Qatar;LB;Homam Ahmed;Al-Sadd;74
Qatar;LB;Almutaz Ahmad;Al-Wakrah;72
Qatar;CDM;Karim Boudiaf;Al-Duhail;77
Qatar;CDM;Ali Assadalla;Al-Sadd;76
Qatar;CM;Hasan Al Haydos;Al-Sadd;80
Qatar;CM;Assim Madibo;Al-Duhail;76
Qatar;CAM;Akram Afif;Al-Sadd;81
Qatar;CAM;Hassan Al-Haydos;Al-Sadd;78
Qatar;RW;Ismaeel Mohammad;Al-Duhail;77
Qatar;LW;Naif Al-Hadhrami;Al-Arabi;74
Qatar;LW;Yusuf Abdurisag;Al-Duhail;76
Qatar;RW;Mohammed Waad;Al-Sailiya;73
Qatar;ST;Almoez Ali;Al-Duhail;81
Qatar;ST;Mohammed Muntari;Al-Duhail;79
Qatar;CM;Salem Al-Hajri;Al-Sadd;74
Qatar;CB;Lucas Mendes;Al-Wakrah;75
Qatar;CM;Ahmed Fathy;Al-Arabi;74
Qatar;ST;Ahmed Alaaeldin;Al-Gharafa;73
Scozia;GK;Angus Gunn;Norwich City;79
Scozia;GK;Craig Gordon;Heart of Midlothian;79
Scozia;GK;Zander Clark;Hearts;77
Scozia;CB;Grant Hanley;Norwich City;78
Scozia;CB;Scott McKenna;Nottingham Forest;79
Scozia;CB;Jack Hendry;Al-Ettifaq;78
Scozia;RB;Aaron Hickey;Bologna;81
Scozia;RB;Nathan Patterson;Everton;79
Scozia;LB;Andrew Robertson;Liverpool;85
Scozia;LB;Greg Taylor;Celtic;77
Scozia;CDM;Stuart Armstrong;Southampton;78
Scozia;CDM;Billy Gilmour;Brighton;79
Scozia;CM;John McGinn;Aston Villa;82
Scozia;CM;Callum McGregor;Celtic;81
Scozia;CAM;Ryan Christie;Bournemouth;79
Scozia;CAM;Kenny McLean;Norwich City;77
Scozia;RW;Ryan Fraser;Newcastle United;78
Scozia;LW;Lyndon Dykes;Queens Park Rangers;78
Scozia;LW;Liam Kelly;Marseille;78
Scozia;RW;Che Adams;Torino;79
Scozia;ST;Lawrence Shankland;Heart of Midlothian;80
Scozia;ST;Lyndon Dykes;Queens Park Rangers;78
Scozia;CM;Lewis Ferguson;Bologna;80
Scozia;CB;Kieran Tierney;Arsenal;80
Scozia;CM;Scott McTominay;Napoli;81
Scozia;ST;Tommy Conway;Middlesbrough;75
Senegal;GK;Édouard Mendy;Al-Ahli;82
Senegal;GK;Alfred Gomis;Stade Rennais;80
Senegal;GK;Seny Dieng;Middlesbrough;78
Senegal;CB;Kalidou Koulibaly;Al-Hilal;86
Senegal;CB;Abdou Diallo;RB Leipzig;81
Senegal;CB;Pape Abou Cissé;Olympiakos;79
Senegal;RB;Bouna Sarr;Bayern Monaco;78
Senegal;RB;Formose Mendy;Amiens SC;76
Senegal;LB;Saliou Ciss;Nancy;75
Senegal;LB;Fodé Ballo-Touré;AC Milan;77
Senegal;CDM;Idrissa Gueye;Everton;82
Senegal;CDM;Pape Matar Sarr;Tottenham;82
Senegal;CM;Nampalys Mendy;Leicester City;78
Senegal;CM;Cheikhou Kouyaté;Nottingham Forest;79
Senegal;CAM;Sadio Mané;Al-Nassr;87
Senegal;CAM;Krepin Diatta;Monaco;81
Senegal;RW;Ismaïla Sarr;Crystal Palace;82
Senegal;LW;Boulaye Dia;Lazio;82
Senegal;LW;Nicolas Jackson;Chelsea;82
Senegal;RW;Iliman Ndiaye;Marseille;82
Senegal;ST;Habib Diallo;Strasburgo;79
Senegal;ST;Bamba Dieng;OGC Nizza;78
Senegal;CM;Lamine Camara;Monaco;82
Senegal;CB;Moussa Niakhaté;Olympique Lyon;79
Senegal;CM;Pape Gueye;Villarreal;78
Senegal;ST;Cherif Ndiaye;FK Crvena zvezda;76
Serbia;GK;Vanja Milinković-Savić;Torino;82
Serbia;GK;Predrag Rajković;Atlético Madrid;80
Serbia;GK;Marko Dmičić;FK Vojvodina;73
Serbia;CB;Nikola Milenković;Nottingham Forest;83
Serbia;CB;Stefan Mitrović;Getafe;79
Serbia;CB;Strahinja Pavlović;Monaco;82
Serbia;RB;Andrija Živković;PAOK;78
Serbia;RB;Filip Mladenović;FK Partizan;76
Serbia;LB;Mihailo Ristić;Monaco;79
Serbia;LB;Aleksandar Kolarov;Già ritirato;77
Serbia;CDM;Saša Lukić;Fulham;81
Serbia;CDM;Marko Grujić;FC Porto;80
Serbia;CM;Sergej Milinković-Savić;Al-Hilal;86
Serbia;CM;Nemanja Gudelj;Sevilla;80
Serbia;CAM;Dušan Tadić;Fenerbahçe;83
Serbia;CAM;Filip Kostić;Juventus;82
Serbia;RW;Lazar Ranđelović;Kaiserslautern;78
Serbia;LW;Nemanja Radonjić;Torino;78
Serbia;LW;Darko Lazović;Hellas Verona;79
Serbia;RW;Dušan Vlahović;Juventus;87
Serbia;ST;Aleksandar Mitrović;Al-Hilal;86
Serbia;ST;Luka Jović;AC Milan;81
Serbia;ST;Milan Gajić;FK Partizan;75
Serbia;CB;Srđan Babić;Spartak Mosca;77
Serbia;CM;Ivan Ilić;Torino;79
Serbia;ST;Petar Ratkov;RB Salzburg;75
Spagna;GK;Unai Simón;Athletic Club;84
Spagna;GK;David Raya;Arsenal;84
Spagna;GK;Alejandro Remiro;Real Sociedad;80
Spagna;CB;Aymeric Laporte;Al-Nassr;82
Spagna;CB;Robin Le Normand;Atlético Madrid;83
Spagna;CB;Pau Cubarsí;FC Barcelona;83
Spagna;RB;Dani Carvajal;Real Madrid;86
Spagna;RB;Pedro Porro;Tottenham;82
Spagna;LB;Alejandro Grimaldo;Bayer Leverkusen;85
Spagna;LB;Marcos Alonso;FC Barcelona;78
Spagna;CDM;Rodri;Manchester City;92
Spagna;CDM;Martín Zubimendi;Real Sociedad;84
Spagna;CM;Pedri;FC Barcelona;91
Spagna;CM;Gavi;FC Barcelona;87
Spagna;CAM;Dani Olmo;FC Barcelona;86
Spagna;CAM;Mikel Merino;Arsenal;84
Spagna;RW;Lamine Yamal;FC Barcelona;90
Spagna;LW;Nico Williams;Athletic Club;87
Spagna;LW;Ferrán Torres;FC Barcelona;81
Spagna;RW;Bryan Gil;Girona;79
Spagna;ST;Álvaro Morata;AC Milan;83
Spagna;ST;Mikel Oyarzabal;Real Sociedad;82
Spagna;ST;Joselu;Al-Qadsiah;79
Spagna;CB;Iñigo Martínez;FC Barcelona;82
Spagna;CM;Fermín López;FC Barcelona;80
Spagna;RW;Yeremy Pino;Villarreal;81
Sudafrica;GK;Ronwen Williams;SuperSport United;79
Sudafrica;GK;Ricardo Goss;Maritzburg United;74
Sudafrica;GK;Veli Mothwa;AmaZulu FC;74
Sudafrica;CB;Rushine de Reuck;Mamelodi Sundowns;77
Sudafrica;CB;Buhle Mkhwanazi;Mamelodi Sundowns;76
Sudafrica;CB;Thibang Phete;Mamelodi Sundowns;75
Sudafrica;RB;Terrence Mashego;Mamelodi Sundowns;76
Sudafrica;RB;Thapelo Morena;Mamelodi Sundowns;77
Sudafrica;LB;Sifiso Hlanti;Kaizer Chiefs;75
Sudafrica;LB;Mothobi Mvala;Mamelodi Sundowns;76
Sudafrica;CDM;Teboho Mokoena;SuperSport United;78
Sudafrica;CDM;Njabulo Ngcobo;Kaizer Chiefs;76
Sudafrica;CM;Themba Zwane;Mamelodi Sundowns;79
Sudafrica;CM;Ethan Brooks;Crystal Palace;77
Sudafrica;CAM;Thulani Serero;Al-Jazira;77
Sudafrica;CAM;Lyle Foster;Burnley;79
Sudafrica;RW;Yusuf Maart;Mamelodi Sundowns;77
Sudafrica;LW;Bongokuhle Hlongwane;Minnesota United;78
Sudafrica;LW;Percy Tau;Al-Ahly;80
Sudafrica;RW;Evidence Makgopa;Orlando Pirates;78
Sudafrica;ST;Lebo Mothiba;Strasburgo;78
Sudafrica;ST;Victor Letsoalo;Kaizer Chiefs;76
Sudafrica;ST;Bradley Cross;Swallows FC;73
Sudafrica;CB;Siyanda Xulu;SuperSport United;74
Sudafrica;CM;Sphephelo Sithole;CD Tondela;73
Sudafrica;LW;Zakhele Lepasa;Orlando Pirates;72
Svizzera;GK;Yann Sommer;Inter Milano;85
Svizzera;GK;Gregor Kobel;Borussia Dortmund;84
Svizzera;GK;Jonas Omlin;Monaco;80
Svizzera;CB;Manuel Akanji;Manchester City;85
Svizzera;CB;Fabian Schär;Newcastle United;82
Svizzera;CB;Nico Elvedi;Borussia M'gladbach;80
Svizzera;RB;Silvan Widmer;Mainz;79
Svizzera;RB;Kevin Mbabu;Fulham;78
Svizzera;LB;Ricardo Rodríguez;Torino;79
Svizzera;LB;Michel Aebischer;Bologna;79
Svizzera;CDM;Granit Xhaka;Bayer Leverkusen;84
Svizzera;CDM;Remo Freuler;Bologna;82
Svizzera;CM;Denis Zakaria;Monaco;82
Svizzera;CM;Fabian Frei;FC Basel;78
Svizzera;CAM;Xherdan Shaqiri;Chicago Fire;80
Svizzera;CAM;Ruben Vargas;Augsburg;80
Svizzera;RW;Dan Ndoye;Bologna;81
Svizzera;LW;Renato Steffen;Lugano;78
Svizzera;LW;Fabian Rieder;Stade Rennais;80
Svizzera;RW;Kwadwo Duah;FC Nürnberg;78
Svizzera;ST;Haris Seferović;FC Basel;78
Svizzera;ST;Noah Okafor;AC Milan;82
Svizzera;ST;Zeki Amdouni;Brighton;80
Svizzera;CB;Leonidas Stergiou;VfB Stuttgart;77
Svizzera;CM;Ardon Jashari;Club Brugge;77
Svizzera;ST;Andi Zeqiri;Standard Liegi;76
Turchia;GK;Mert Günok;Beşiktaş;80
Turchia;GK;Uğurcan Çakır;Trabzonspor;81
Turchia;GK;Altay Bayındır;Manchester United;79
Turchia;CB;Merih Demiral;Al-Qadsiah;83
Turchia;CB;Samet Akaydin;Fenerbahçe;79
Turchia;CB;Kaan Ayhan;Galatasaray;79
Turchia;RB;Zeki Çelik;AS Roma;79
Turchia;RB;Mert Müldür;Sevilla;78
Turchia;LB;Ferdi Kadıoğlu;Fenerbahçe;83
Turchia;LB;Ridvan Yılmaz;Rangers;79
Turchia;CDM;İsmail Yüksek;Fenerbahçe;79
Turchia;CDM;Salih Özcan;Borussia Dortmund;80
Turchia;CM;Hakan Çalhanoğlu;Inter Milano;87
Turchia;CM;Okay Yokuşlu;West Brom;78
Turchia;CAM;Kerem Aktürkoğlu;Galatasaray;82
Turchia;CAM;Arda Güler;Real Madrid;86
Turchia;RW;Muhammed Şenoğlu;Galatasaray;79
Turchia;LW;Yunus Akgün;Galatasaray;80
Turchia;LW;Cengiz Ünder;Fenerbahçe;82
Turchia;RW;Efecan Karaca;Galatasaray;77
Turchia;ST;Burak Yılmaz;Adana Demirspor;79
Turchia;ST;Cenk Tosun;Beşiktaş;78
Turchia;ST;Baris Alper Yilmaz;Galatasaray;81
Turchia;CB;Ozan Kabak;TSG Hoffenheim;78
Turchia;CM;Orkun Kökçü;SL Benfica;82
Turchia;ST;Kenan Yıldız;Juventus;81
Uruguay;GK;Sergio Rochet;Nacional;79
Uruguay;GK;Fernando Muslera;Galatasaray;80
Uruguay;GK;Martín Campaña;Club Atlético Independiente;77
Uruguay;CB;Diego Godín;Vélez Sársfield;79
Uruguay;CB;Sebastián Coates;Sporting CP;80
Uruguay;CB;José María Giménez;Atlético Madrid;84
Uruguay;RB;Martín Cáceres;LA Galaxy;75
Uruguay;RB;Facundo Waller;Club Nacional;77
Uruguay;LB;Matías Viña;AS Roma;79
Uruguay;LB;Mathías Olivera;Napoli;81
Uruguay;CDM;Rodrigo Bentancur;Tottenham;83
Uruguay;CDM;Manuel Ugarte;Manchester United;83
Uruguay;CM;Federico Valverde;Real Madrid;89
Uruguay;CM;Lucas Torreira;Galatasaray;81
Uruguay;CAM;Facundo Pellistri;Manchester United;80
Uruguay;CAM;Nicolás De La Cruz;Flamengo;82
Uruguay;RW;Maxi Gómez;Celta Vigo;79
Uruguay;LW;Facundo Torres;Orlando City;80
Uruguay;LW;Brian Rodríguez;Austin FC;78
Uruguay;RW;Agustín Canobbio;Torino;79
Uruguay;ST;Luis Suárez;Già ritirato;82
Uruguay;ST;Darwin Núñez;Liverpool;85
Uruguay;ST;Edinson Cavani;Boca Juniors;80
Uruguay;CB;Ronald Araújo;FC Barcelona;86
Uruguay;CM;Giorgian de Arrascaeta;Flamengo;82
Uruguay;ST;Maximiliano Araújo;Sporting CP;79
USA;GK;Matt Turner;Crystal Palace;81
USA;GK;Ethan Horvath;Luton Town;79
USA;GK;Sean Johnson;Toronto FC;78
USA;CB;Miles Robinson;Atlanta United;80
USA;CB;Cameron Carter-Vickers;Celtic;81
USA;CB;Walker Zimmerman;Nashville SC;79
USA;RB;Sergino Dest;PSV Eindhoven;81
USA;RB;DeAndre Yedlin;Inter Miami;77
USA;LB;Antonee Robinson;Fulham;82
USA;LB;Sam Vines;Royal Antwerp;78
USA;CDM;Tyler Adams;Bournemouth;82
USA;CDM;Weston McKennie;Juventus;82
USA;CM;Yunus Musah;AC Milan;82
USA;CM;Luca de la Torre;Celta Vigo;79
USA;CAM;Gio Reyna;Borussia Dortmund;82
USA;CAM;Brenden Aaronson;Leeds United;80
USA;RW;Christian Pulisic;AC Milan;85
USA;LW;Tim Weah;Juventus;80
USA;LW;Jordan Morris;Seattle Sounders;78
USA;RW;Josh Sargent;Norwich City;79
USA;ST;Ricardo Pepi;PSV Eindhoven;81
USA;ST;Folarin Balogun;Monaco;82
USA;CB;Chris Richards;Crystal Palace;80
USA;CB;Mark McKenzie;Toulouse;76
USA;CM;Johnny Cardoso;Real Betis;79
USA;RW;Haji Wright;Coventry City;78
Venezuela;GK;Wuilker Faríñez;Club de Foot Montreal;79
Venezuela;GK;Rafael Romo;Colorado Rapids;76
Venezuela;GK;Daniel Hernández;Deportivo Táchira;74
Venezuela;CB;Jhon Chancellor;Salernitana;78
Venezuela;CB;Mikel Villanueva;Zullia FC;74
Venezuela;CB;Nahuel Ferraresi;Deportivo Alavés;78
Venezuela;RB;Ronald Hernández;FK Bodø/Glimt;78
Venezuela;RB;Yoel Bárcenas;Nottingham Forest;76
Venezuela;LB;Rolf Feltscher;Al-Taawoun;75
Venezuela;LB;Miguel Navarro;Niza;79
Venezuela;CDM;Tomás Rincón;Torino;79
Venezuela;CDM;Arquímedes Figuera;Zamora FC;72
Venezuela;CM;Yangel Herrera;Girona;82
Venezuela;CM;Jefferson Savarino;Real Salt Lake;79
Venezuela;CAM;Luis González;Portland Timbers;75
Venezuela;CAM;Eduard Bello;Atlético Tucumán;77
Venezuela;RW;José Martínez;Philadelphia Union;78
Venezuela;LW;Junior Moreno;DC United;75
Venezuela;LW;Jhon Murillo;Carabobo FC;74
Venezuela;RW;Adalberto Peñaranda;Udinese;78
Venezuela;ST;Salomón Rondón;Everton;79
Venezuela;ST;Josef Martínez;Inter Miami;79
Venezuela;ST;Darwin Machís;Granada;78
Venezuela;CB;Christian Makoun;Levski Sofia;73
Venezuela;CM;Cristian Cásseres Jr.;Toulouse;76
Venezuela;ST;Jhonder Cádiz;Club León;74
